trade_id,date,year,origin,origin_country,volume_m3,mass_t,vessel,status
153359,2016-04-18,2016,Bontang,Indonesia,28623,13197.20661,Hai Yang Shi You 301,Delivered
158188,2016-05-02,2016,Bontang,Indonesia,21578,9948.96846,Triputra,Delivered
1115341,2016-05-29,2016,Bontang,Indonesia,22202,10236.676140000001,Triputra,Delivered
180304,2016-06-18,2016,Bontang,Indonesia,21671,9991.84797,Triputra,Delivered
165478,2016-07-05,2016,Bontang,Indonesia,21867,10082.21769,Triputra,Delivered
198764,2016-07-21,2016,Bontang,Indonesia,22235,10251.89145,Triputra,Delivered
157562,2016-08-06,2016,Bontang,Indonesia,22302,10282.783140000001,Triputra,Delivered
162558,2016-08-22,2016,Bontang,Indonesia,22302,10282.783140000001,Triputra,Delivered
148716,2016-09-07,2016,Bontang,Indonesia,22269,10267.56783,Triputra,Delivered
162739,2016-09-23,2016,Bontang,Indonesia,22336,10298.45952,Triputra,Delivered
163055,2016-10-10,2016,Bontang,Indonesia,22269,10267.56783,Triputra,Delivered
159502,2016-10-25,2016,Bontang,Indonesia,22235,10251.89145,Triputra,Delivered
159505,2016-11-12,2016,Bontang,Indonesia,22202,10236.676140000001,Triputra,Delivered
159508,2016-11-29,2016,Bontang,Indonesia,22302,10282.783140000001,Triputra,Delivered
159510,2016-12-16,2016,Bontang,Indonesia,22235,10251.89145,Triputra,Delivered
159514,2016-12-31,2016,Bontang,Indonesia,22269,10267.56783,Triputra,Delivered
163118,2017-02-09,2017,Bontang,Indonesia,22235,10251.89145,Triputra,Delivered
163127,2017-02-23,2017,Bontang,Indonesia,22302,10282.783140000001,Triputra,Delivered
159519,2017-03-09,2017,Bontang,Indonesia,22302,10282.783140000001,Triputra,Delivered
163142,2017-03-24,2017,Bontang,Indonesia,22302,10282.783140000001,Triputra,Delivered
159523,2017-04-10,2017,Bontang,Indonesia,22269,10267.56783,Triputra,Delivered
159524,2017-04-22,2017,Bontang,Indonesia,22269,10267.56783,Triputra,Delivered
147523,2017-06-04,2017,Bontang,Indonesia,22235,10251.89145,Triputra,Delivered
148729,2017-07-02,2017,Bontang,Indonesia,22036,10160.13852,Triputra,Delivered
150419,2017-07-20,2017,Bontang,Indonesia,22336,10298.45952,Triputra,Delivered
154895,2017-08-07,2017,Bontang,Indonesia,22235,10251.89145,Triputra,Delivered
152271,2017-09-02,2017,Bontang,Indonesia,22269,10267.56783,Triputra,Delivered
153566,2017-09-22,2017,Bontang,Indonesia,22302,10282.783140000001,Triputra,Delivered
147884,2017-10-18,2017,Bontang,Indonesia,22269,10267.56783,Triputra,Delivered
155290,2017-11-08,2017,Bontang,Indonesia,22336,10298.45952,Triputra,Delivered
156398,2017-11-30,2017,Bontang,Indonesia,22269,10267.56783,Triputra,Delivered
146040,2017-12-24,2017,Bontang,Indonesia,22269,10267.56783,Triputra,Delivered
125136,2018-01-19,2018,Bontang,Indonesia,22336,10298.45952,Triputra,Delivered
126977,2018-04-27,2018,Bontang,Indonesia,22336,10298.45952,Triputra,Delivered
123633,2018-06-15,2018,Bontang,Indonesia,28969,13356.73683,Hai Yang Shi You 301,Delivered
127058,2018-07-12,2018,Bontang,Indonesia,22269,10267.56783,Triputra,Delivered
128701,2018-08-01,2018,Bontang,Indonesia,22269,10267.56783,Triputra,Delivered
122437,2018-08-13,2018,Bontang,Indonesia,22302,10282.783140000001,Triputra,Delivered
123701,2018-08-31,2018,Bontang,Indonesia,22336,10298.45952,Triputra,Delivered
125500,2018-09-19,2018,Bontang,Indonesia,22302,10282.783140000001,Triputra,Delivered
127320,2018-10-08,2018,Bontang,Indonesia,22202,10236.676140000001,Triputra,Delivered
124223,2018-11-07,2018,Bontang,Indonesia,22336,10298.45952,Triputra,Delivered
1270,2018-12-02,2018,Bontang,Indonesia,22336,10298.45952,Triputra,Delivered
12262,2018-12-15,2018,Bontang,Indonesia,22302,10282.783140000001,Triputra,Delivered
18248,2019-01-01,2019,Bontang,Indonesia,22302,10282.783140000001,Triputra,Delivered
113687,2019-01-20,2019,Bontang,Indonesia,22269,10267.56783,Triputra,Delivered
120146,2019-02-08,2019,Bontang,Indonesia,22336,10298.45952,Triputra,Delivered
132083,2019-03-01,2019,Bontang,Indonesia,22336,10298.45952,Triputra,Delivered
141864,2019-03-21,2019,Bontang,Indonesia,22336,10298.45952,Triputra,Delivered
172493,2019-04-11,2019,Bontang,Indonesia,22302,10282.783140000001,Triputra,Delivered
1130198,2019-04-30,2019,Bontang,Indonesia,22336,10298.45952,Triputra,Delivered
1138487,2019-05-18,2019,Bontang,Indonesia,22302,10282.783140000001,Triputra,Delivered
1146130,2019-06-02,2019,Bontang,Indonesia,22336,10298.45952,Triputra,Delivered
1155895,2019-06-21,2019,Bontang,Indonesia,22302,10282.783140000001,Triputra,Delivered
1187737,2019-07-11,2019,Bontang,Indonesia,22336,10298.45952,Triputra,Delivered
1190683,2019-08-01,2019,Bontang,Indonesia,21904,10099.27728,Triputra,Delivered
1196337,2019-08-21,2019,Bontang,Indonesia,22269,10267.56783,Triputra,Delivered
1780204,2019-09-08,2019,Bontang,Indonesia,22336,10298.45952,Triputra,Delivered
1204031,2019-09-24,2019,Bontang,Indonesia,7413,3417.9119100000003,Triputra,Delivered
1204195,2019-09-24,2019,Bontang,Indonesia,7500,3458.025,Triputra,Delivered
1629289,2019-09-24,2019,Bontang,Indonesia,7389,3406.84623,Triputra,Delivered
1209103,2019-10-15,2019,Bontang,Indonesia,22336,10298.45952,Triputra,Delivered
1212826,2019-11-01,2019,Bontang,Indonesia,22302,10282.783140000001,Triputra,Delivered
1217501,2019-11-20,2019,Bontang,Indonesia,22302,10282.783140000001,Triputra,Delivered
1220890,2019-12-06,2019,Bontang,Indonesia,22302,10282.783140000001,Triputra,Delivered
1224388,2019-12-23,2019,Bontang,Indonesia,22336,10298.45952,Triputra,Delivered
1228835,2020-01-09,2020,Bontang,Indonesia,22302,10282.783140000001,Triputra,Delivered
1232714,2020-01-27,2020,Bontang,Indonesia,22336,10298.45952,Triputra,Delivered
1236070,2020-02-11,2020,Bontang,Indonesia,22336,10298.45952,Triputra,Delivered
1242054,2020-03-01,2020,Bontang,Indonesia,22336,10298.45952,Triputra,Delivered
1242053,2020-03-21,2020,Bontang,Indonesia,22336,10298.45952,Triputra,Delivered
1245540,2020-04-10,2020,Bontang,Indonesia,22302,10282.783140000001,Triputra,Delivered
1248994,2020-04-28,2020,Bontang,Indonesia,22302,10282.783140000001,Triputra,Delivered
1253252,2020-05-21,2020,Bontang,Indonesia,22336,10298.45952,Triputra,Delivered
1257750,2020-06-12,2020,Bontang,Indonesia,22336,10298.45952,Triputra,Delivered
1259907,2020-07-04,2020,Bontang,Indonesia,21937,10114.49259,Triputra,Delivered
1264740,2020-07-25,2020,Bontang,Indonesia,22336,10298.45952,Triputra,Delivered
1266751,2020-08-14,2020,Bontang,Indonesia,21871,10084.06197,Triputra,Delivered
1272861,2020-09-06,2020,Bontang,Indonesia,22336,10298.45952,Triputra,Delivered
1286097,2020-09-24,2020,Bontang,Indonesia,22302,10282.783140000001,Triputra,Delivered
1301723,2020-10-12,2020,Bontang,Indonesia,22336,10298.45952,Triputra,Delivered
1307926,2020-10-31,2020,Bontang,Indonesia,22336,10298.45952,Triputra,Delivered
1308381,2020-11-18,2020,Bontang,Indonesia,11003,5073.15321,Triputra,Delivered
1308843,2020-11-18,2020,Bontang,Indonesia,11299,5209.62993,Triputra,Delivered
1309277,2020-12-07,2020,Bontang,Indonesia,22302,10282.783140000001,Triputra,Delivered
1309696,2020-12-28,2020,Bontang,Indonesia,22336,10298.45952,Triputra,Delivered
1310193,2021-01-18,2021,Bontang,Indonesia,22302,10282.783140000001,Triputra,Delivered
1310715,2021-02-05,2021,Bontang,Indonesia,18181,8382.713670000001,Pelita Energy,Delivered
1311271,2021-02-21,2021,Bontang,Indonesia,18181,8382.713670000001,Pelita Energy,Delivered
1312621,2021-03-15,2021,Bontang,Indonesia,22336,10298.45952,Triputra,Delivered
1314151,2021-04-07,2021,Bontang,Indonesia,22336,10298.45952,Triputra,Delivered
1339044,2021-04-30,2021,Bontang,Indonesia,22336,10298.45952,Triputra,Delivered
1358555,2021-05-21,2021,Bontang,Indonesia,22336,10298.45952,Triputra,Delivered
1390593,2021-06-12,2021,Bontang,Indonesia,22302,10282.783140000001,Triputra,Delivered
1413349,2021-07-04,2021,Bontang,Indonesia,22302,10282.783140000001,Triputra,Delivered
1447831,2021-07-18,2021,Yamal,Russian Federation,59148,26025.12,Vladimir Vize,Delivered
1435913,2021-07-26,2021,Bontang,Indonesia,22302,10282.783140000001,Triputra,Delivered
1442539,2021-08-17,2021,Bontang,Indonesia,22302,10282.783140000001,Triputra,Delivered
1469548,2021-08-25,2021,Bontang,Indonesia,22302,10282.783140000001,Triputra,Delivered
1474882,2021-09-05,2021,Bontang,Indonesia,22336,10298.45952,Triputra,Delivered
1486540,2021-09-21,2021,Bontang,Indonesia,22302,10282.783140000001,Triputra,Delivered
1505503,2021-10-10,2021,Bontang,Indonesia,22336,10298.45952,Triputra,Delivered
1529326,2021-11-03,2021,Bontang,Indonesia,22336,10298.45952,Triputra,Delivered
1794341,2021-12-05,2021,Jawa Satu FSRU,,22336,10051.2,Triputra,Delivered
1794342,2021-12-29,2021,Jawa Satu FSRU,,22269,10021.050000000001,Triputra,Delivered
1698170,2022-01-21,2022,Bontang,Indonesia,22336,10298.45952,Triputra,Delivered
1724787,2022-02-10,2022,Bontang,Indonesia,22302,10282.783140000001,Triputra,Delivered
1750905,2022-03-04,2022,Bontang,Indonesia,22336,10298.45952,Triputra,Delivered
1752875,2022-03-24,2022,Bontang,Indonesia,22302,10282.783140000001,Triputra,Delivered
1755584,2022-04-14,2022,Bontang,Indonesia,22336,10298.45952,Triputra,Delivered
1757483,2022-05-03,2022,Bontang,Indonesia,22336,10298.45952,Triputra,Delivered
1760066,2022-05-23,2022,Bontang,Indonesia,22336,10298.45952,Triputra,Delivered
1762763,2022-06-13,2022,Bontang,Indonesia,22336,10298.45952,Triputra,Delivered
1768804,2022-07-04,2022,Jawa Satu FSRU,,22336,10051.2,Triputra,Delivered
1768806,2022-07-23,2022,Jawa Satu FSRU,,22235,10005.75,Triputra,Delivered
1773019,2022-08-11,2022,Jawa Satu FSRU,,22302,10035.9,Triputra,Delivered
1777851,2022-08-31,2022,Jawa Satu FSRU,,22302,10035.9,Triputra,Delivered
1777855,2022-09-16,2022,Jawa Satu FSRU,,22336,10051.2,Triputra,Delivered
1781859,2022-10-04,2022,Jawa Satu FSRU,,22336,10051.2,Triputra,Delivered
1785675,2022-10-25,2022,Jawa Satu FSRU,,22336,10051.2,Triputra,Delivered
1786919,2022-11-11,2022,Jawa Satu FSRU,,22336,10051.2,Triputra,Delivered
1789187,2022-11-25,2022,Jawa Satu FSRU,,22336,10051.2,Triputra,Delivered
1792003,2022-12-13,2022,Jawa Satu FSRU,,22336,10051.2,Triputra,Delivered
1793985,2023-01-01,2023,Jawa Satu FSRU,,22202,9990.9,Triputra,Delivered
1795722,2023-01-15,2023,Bontang,Indonesia,22269,10267.56783,Triputra,Delivered
1809214,2023-01-29,2023,Jawa Satu FSRU,,22336,10051.2,Triputra,Delivered
1809227,2023-02-11,2023,Jawa Satu FSRU,,22336,10051.2,Triputra,Delivered
1814799,2023-02-25,2023,Jawa Satu FSRU,,22336,10051.2,Triputra,Delivered
1814802,2023-03-11,2023,Jawa Satu FSRU,,22336,10051.2,Triputra,Delivered
1814803,2023-03-24,2023,Jawa Satu FSRU,,22336,10051.2,Triputra,Delivered
1830644,2023-04-08,2023,Jawa Satu FSRU,,22336,10051.2,Triputra,Delivered
1830647,2023-04-23,2023,Jawa Satu FSRU,,22336,10051.2,Triputra,Delivered
1832108,2023-05-07,2023,Jawa Satu FSRU,,22302,10035.9,Triputra,Delivered
1836794,2023-05-18,2023,Jawa Satu FSRU,,22302,10035.9,Triputra,Delivered
1843015,2023-06-02,2023,Jawa Satu FSRU,,22302,10035.9,Triputra,Delivered
1855318,2023-06-15,2023,Jawa Satu FSRU,,22336,10051.2,Triputra,Delivered
1855322,2023-06-30,2023,Jawa Satu FSRU,,22302,10035.9,Triputra,Delivered
1864442,2023-07-14,2023,Jawa Satu FSRU,,22169,9976.050000000001,Triputra,Delivered
1881951,2023-07-29,2023,Jawa Satu FSRU,,22336,10051.2,Triputra,Delivered
1883244,2023-08-12,2023,Jawa Satu FSRU,,22235,10005.75,Triputra,Delivered
1892762,2023-08-26,2023,Jawa Satu FSRU,,22169,9976.050000000001,Triputra,Delivered
1938469,2023-09-09,2023,Jawa Satu FSRU,,22302,10035.9,Triputra,Delivered
1938475,2023-09-23,2023,Jawa Satu FSRU,,22302,10035.9,Triputra,Delivered
1938481,2023-10-07,2023,Jawa Satu FSRU,,22302,10035.9,Triputra,Delivered
1921712,2023-10-19,2023,Bontang,Indonesia,22202,10236.676140000001,Triputra,Delivered
1938491,2023-10-29,2023,Jawa Satu FSRU,,22336,10051.2,Triputra,Delivered
1938494,2023-11-08,2023,Jawa Satu FSRU,,22235,10005.75,Triputra,Delivered
1975534,2023-11-19,2023,Jawa Satu FSRU,,22336,10051.2,Triputra,Delivered
1975540,2023-11-30,2023,Jawa Satu FSRU,,22302,10035.9,Triputra,Delivered
1975551,2023-12-13,2023,Jawa Satu FSRU,,22302,10035.9,Triputra,Delivered
1975554,2023-12-21,2023,Jawa Satu FSRU,,22302,10035.9,Triputra,Delivered
1975556,2023-12-30,2023,Jawa Satu FSRU,,22336,10051.2,Triputra,Delivered
1993352,2024-01-30,2024,Jawa Satu FSRU,,5383,2422.35,Fuelng Bellina,Delivered
1992850,2024-02-08,2024,Bontang,Indonesia,6079,2802.84453,Pelita Energy,Delivered
1996432,2024-02-19,2024,Bontang,Indonesia,22336,10298.45952,Triputra,Delivered
11004804,2024-03-02,2024,Bontang,Indonesia,22336,10298.45952,Triputra,Delivered
11011589,2024-03-14,2024,Bontang,Indonesia,22302,10282.783140000001,Triputra,Delivered
11020582,2024-03-25,2024,Bontang,Indonesia,22235,10251.89145,Triputra,Delivered
11029323,2024-04-04,2024,Bontang,Indonesia,22235,10251.89145,Triputra,Delivered
11039459,2024-04-17,2024,Bontang,Indonesia,22336,10298.45952,Triputra,Delivered
11051441,2024-04-29,2024,Bontang,Indonesia,22235,10251.89145,Triputra,Delivered
11069091,2024-05-11,2024,Bontang,Indonesia,22302,10282.783140000001,Triputra,Delivered
11090036,2024-05-22,2024,Bontang,Indonesia,22269,10267.56783,Triputra,Delivered
11109548,2024-06-02,2024,Bontang,Indonesia,22302,10282.783140000001,Triputra,Delivered
11123280,2024-06-15,2024,Bontang,Indonesia,22302,10282.783140000001,Triputra,Delivered
11140792,2024-06-26,2024,Bontang,Indonesia,22269,10267.56783,Triputra,Delivered
11153958,2024-07-08,2024,Bontang,Indonesia,22302,10282.783140000001,Triputra,Delivered
11231835,2024-07-18,2024,Bontang,Indonesia,22235,10251.89145,Triputra,Delivered
11259570,2024-07-31,2024,Bontang,Indonesia,22235,10251.89145,Triputra,Delivered
11280036,2024-08-12,2024,Bontang,Indonesia,22302,10282.783140000001,Triputra,Delivered
11299723,2024-08-23,2024,Bontang,Indonesia,22202,10236.676140000001,Triputra,Delivered
11315099,2024-09-05,2024,Bontang,Indonesia,22269,10267.56783,Triputra,Delivered
11333093,2024-09-17,2024,Bontang,Indonesia,22269,10267.56783,Triputra,Delivered
11349354,2024-09-30,2024,Bontang,Indonesia,22202,10236.676140000001,Triputra,Delivered
11365187,2024-10-11,2024,Bontang,Indonesia,22235,10251.89145,Triputra,Delivered
11375122,2024-10-23,2024,Bontang,Indonesia,22302,10282.783140000001,Triputra,Delivered
11390031,2024-11-03,2024,Bontang,Indonesia,22302,10282.783140000001,Triputra,Delivered
11408301,2024-11-14,2024,Bontang,Indonesia,22302,10282.783140000001,Triputra,Delivered
11458995,2024-11-25,2024,Jawa Satu FSRU,,22302,10035.9,Triputra,Delivered
11458992,2024-12-05,2024,Jawa Satu FSRU,,22336,10051.2,Triputra,Delivered
11459122,2024-12-17,2024,Jawa Satu FSRU,,7367,3315.15,Triputra,Delivered
11481264,2024-12-27,2024,Jawa Satu FSRU,,7445,3350.25,Triputra,Delivered
11481541,2025-01-13,2025,Bontang,Indonesia,22336,10298.45952,Triputra,Delivered
11486360,2025-01-23,2025,Bontang,Indonesia,22302,10282.783140000001,Triputra,Delivered
11494265,2025-02-03,2025,Bontang,Indonesia,22302,10282.783140000001,Triputra,Delivered
11510536,2025-02-13,2025,Bontang,Indonesia,22336,10298.45952,Triputra,Delivered
11527961,2025-02-25,2025,Bontang,Indonesia,22235,10251.89145,Triputra,Delivered
11545717,2025-03-08,2025,Bontang,Indonesia,22269,10267.56783,Triputra,Delivered
11563936,2025-03-18,2025,Bontang,Indonesia,22336,10298.45952,Triputra,Delivered
11578316,2025-03-26,2025,Bontang,Indonesia,22302,10282.783140000001,Triputra,Delivered
11593879,2025-04-04,2025,Bontang,Indonesia,22269,10267.56783,Triputra,Delivered
11670155,2025-04-15,2025,Bontang,Indonesia,22302,10282.783140000001,Triputra,Delivered
11809357,2025-04-25,2025,Bontang,Indonesia,22302,10282.783140000001,Triputra,Delivered
11928704,2025-05-06,2025,Bontang,Indonesia,22302,10282.783140000001,Triputra,Delivered
12071967,2025-05-18,2025,Bontang,Indonesia,22336,10298.45952,Triputra,Delivered
12241350,2025-05-30,2025,Bontang,Indonesia,22269,10267.56783,Triputra,Delivered
12384943,2025-06-11,2025,Bontang,Indonesia,22302,10282.783140000001,Triputra,Delivered
12531735,2025-06-21,2025,Bontang,Indonesia,22302,10282.783140000001,Triputra,Delivered
12665783,2025-07-01,2025,Bontang,Indonesia,22302,10282.783140000001,Triputra,Delivered
12880457,2025-07-13,2025,Bontang,Indonesia,22336,10298.45952,Triputra,Delivered
12994750,2025-07-22,2025,Bontang,Indonesia,22302,10282.783140000001,Triputra,Delivered
13050378,2025-08-01,2025,Bontang,Indonesia,18100,8345.367,Pelita Energy,Delivered
13148515,2025-08-09,2025,Bontang,Indonesia,18154,8370.264780000001,Pelita Energy,Delivered
13240001,2025-08-18,2025,Bontang,Indonesia,18181,8382.713670000001,Pelita Energy,Delivered
13340979,2025-08-26,2025,Bontang,Indonesia,18154,8370.264780000001,Pelita Energy,Delivered
13430234,2025-09-03,2025,Bontang,Indonesia,18181,8382.713670000001,Pelita Energy,Delivered
13547355,2025-09-11,2025,Jawa Satu FSRU,,18155,8169.75,Pelita Energy,Delivered
13621072,2025-09-20,2025,Bontang,Indonesia,5551,2559.39957,Triputra,Delivered
13613575,2025-09-30,2025,Bontang,Indonesia,5575,2570.46525,Triputra,Delivered
13898439,2025-10-13,2025,Bontang,Indonesia,22336,10298.45952,Triputra,Delivered
14312099,2025-10-23,2025,Bontang,Indonesia,22302,10282.783140000001,Triputra,Delivered
14689969,2025-11-03,2025,Bontang,Indonesia,22336,10298.45952,Triputra,Delivered
14720488,2025-11-14,2025,Bontang,Indonesia,22336,10298.45952,Triputra,Delivered
15336065,2025-11-25,2025,Bontang,Indonesia,22269,10267.56783,Triputra,Delivered
15372800,2025-12-06,2025,Bontang,Indonesia,22235,10251.89145,Triputra,Delivered
15908779,2025-12-15,2025,Bontang,Indonesia,22269,10267.56783,Triputra,Delivered
14076674,2025-12-22,2025,Donggi-Senoro LNG Plant,Indonesia,15859,7136.55,Pelita Energy,Delivered
15939924,2025-12-29,2025,Bontang,Indonesia,22169,10221.46083,Triputra,Delivered
16538415,2026-01-07,2026,Bontang,Indonesia,22336,10298.45952,Triputra,Delivered
16859778,2026-01-18,2026,Bontang,Indonesia,22269,10267.56783,Triputra,Delivered
17167437,2026-01-28,2026,Bontang,Indonesia,22269,10267.56783,Triputra,Delivered
17444864,2026-02-07,2026,Bontang,Indonesia,22336,10298.45952,Triputra,Delivered
17646506,2026-02-19,2026,Bontang,Indonesia,22336,10298.45952,Triputra,Delivered
17779283,2026-03-02,2026,Bontang,Indonesia,22235,10251.89145,Triputra,Delivered
18088145,2026-03-12,2026,Bontang,Indonesia,22302,10282.783140000001,Triputra,Delivered
18370104,2026-03-22,2026,Bontang,Indonesia,22302,10282.783140000001,Triputra,Delivered
18628115,2026-04-01,2026,Bontang,Indonesia,22336,10298.45952,Triputra,Delivered
18882882,2026-04-11,2026,Bontang,Indonesia,22269,10267.56783,Triputra,Delivered
19168312,2026-04-22,2026,Bontang,Indonesia,22235,10251.89145,Triputra,Delivered
19423541,2026-05-02,2026,Bontang,Indonesia,22269,10267.56783,Triputra,Delivered
19958030,2026-05-13,2026,Bontang,Indonesia,22302,10282.783140000001,Triputra,Delivered
19983471,2026-05-24,2026,Bontang,Indonesia,22336,10298.45952,Triputra,Delivered
110256057,2026-06-05,2026,Bontang,Indonesia,22235,10251.89145,Triputra,Delivered
110526403,2026-06-16,2026,Bontang,Indonesia,22312,10287.39384,Triputra,Delivered
110785638,2026-06-26,2026,Bontang,Indonesia,22312,10287.39384,Triputra,Delivered
111044687,2026-07-08,2026,Bontang,Indonesia,22312,10287.39384,Triputra,Delivered
111291232,2026-07-19,2026,Bontang,Indonesia,22312,10287.39384,Triputra,In Transit
